<?xml version="1.0" encoding="UTF-8"?>
<beans xmlns="http://www.springframework.org/schema/beans"
	xmlns:xsi="http://www.w3.org/2001/XMLSchema-instance"
	xmlns:context="http://www.springframework.org/schema/context"
	xmlns:aop="http://www.springframework.org/schema/aop"
	xmlns:tx="http://www.springframework.org/schema/tx"
	xsi:schemaLocation="http://www.springframework.org/schema/beans http://www.springframework.org/schema/beans/spring-beans.xsd
		http://www.springframework.org/schema/context http://www.springframework.org/schema/context/spring-context-4.3.xsd
		http://www.springframework.org/schema/aop http://www.springframework.org/schema/aop/spring-aop-4.3.xsd
		http://www.springframework.org/schema/tx http://www.springframework.org/schema/tx/spring-tx-4.3.xsd">

	<!-- <context:component-scan base-package="polymorphism"></context:component-scan> -->
	<context:component-scan base-package="com.springbook.biz"></context:component-scan>
	
	<context:property-placeholder location="classpath:config/database.properties"/>
	<bean id="dataSource" class="org.apache.commons.dbcp.BasicDataSource" destroy-method="close">
		<property name="driverClassName" value="${jdbc.dirver}"></property>
		<property name="url" value="${jdbc.url}"></property>
		<property name="username" value="${jdbc.useranem}"></property>
		<property name="password" value="${jdbc.password}"></property>
	</bean>
	
	<bean id="jdbcTemplate" class="org.springframework.jdbc.core.JdbcTemplate">
		<property name="dataSource" ref="dataSource"></property>
	</bean>
	
	<bean id="txManager" class="org.springframework.jdbc.datasource.DataSourceTransactionManager">
		<property name="dataSource" ref="dataSource"></property>
	</bean>
	
	<tx:advice id="txAdvice" transaction-manager="txManager">
		<tx:attributes>
			<tx:method name="get*" read-only="true"/>
			<tx:method name="*" />
		</tx:attributes>
	</tx:advice>
	
	
	<aop:config>
		<aop:pointcut expression="execution(* com.springbook.biz..*(..))" id="txPointcut"/>
		
		<aop:advisor advice-ref="txAdvice" pointcut-ref="txPointcut"/>
	</aop:config>
	
	
	
	
	
	
	
	
	
	
	
	<!-- <bean id="log" class="com.springbook.biz.common.LogAdvice"></bean> -->
	
	<!-- <bean id="log" class="com.springbook.biz.common.Log4jAdvice"></bean>
	
	<bean id="around" class="com.springbook.biz.common.AroundAdvice"></bean>
	
	<aop:config>
		<aop:pointcut expression="execution(* com.springbook.biz..*Impl.*(..))" id="allPointcut"/>
		
		<aop:aspect ref="around">
			<aop:around pointcut-ref="allPointcut" method="aroundLog" /> 
		</aop:aspect>
	</aop:config> -->
		
	<!-- SamsungTV tv = new SamsungTV(); -->
	
	<!-- <bean id="" class=""></bean> -->
	<!-- <bean id="tv" class="polymorphism.SamsungTV" scope="prototype"></bean> -->
	
	<!-- <bean id="tv" class="polymorphism.SamsungTV">
		<constructor-arg ref="apple"></constructor-arg>
		<constructor-arg value="10000"></constructor-arg>
	</bean> -->
	
	<!-- <bean id="tv" class="polymorphism.SamsungTV">
		<property name="speaker" ref="sony"></property>
		<property name="price" value="10000"></property>
	</bean>
	
	<bean id="sony" class="polymorphism.SonySpeaker"></bean>
	
	<bean id="apple" class="polymorphism.AppleSpeaker"></bean>
 -->
 
 
</beans>
