<?xml version="1.0" encoding="UTF-8"?>
<!DOCTYPE mapper PUBLIC "-//mybatis.org//DTD Mapper 3.0//EN"
"http://mybatis.org/dtd/mybatis-3-mapper.dtd">

<mapper namespace="BoardDAO">
	
	<resultMap id="boardResult" type="board">
		<id property="seq" column="SEQ" />
		<result property="title" column="TITLE" />
		<result property="writer" column="WRITER" />
		<result property="content" column="CONTENT" />
		<result property="regDate" column="REGDATE" />
		<result property="cnt" column="CNT" />
	</resultMap>
	

	<!-- 글 등록 -->
	<!-- parameterType="board" 생략 가능 -->
	<insert id="insertBoard" parameterType="board">
	<!--  조건절에 비교연산(<,>)을 식으로 인식하기 위해 -->
	<![CDATA[
		insert into board (seq,title,writer,content)
		values ((select nvl(max(seq), 0) +1 from board), #{title},#{writer},#{content})
		]]>
		<!-- board_seq.nextval로 사용 가능, 위에 처럼 안쓰고
			<selectkey keyProperty="seq" resultType="int" order="BEFORE">
			select board_seq.nextval as seq from dual
		</selectkey>
		
		insert into board (seq,title,writer,content)
		values (#{seq}, #{title}, #{writer}, #{content}) -->
		
		<!-- <selectkey keyProperty="writer" resultType="int" order="AFTER">
			select writer from board
		</selectkey> -->
		
	</insert>
	
	<!-- <insert id="hobby">
		insert into hobby (writer) values (#{writer})
	</insert> -->
	
	<!-- 글 수정 -->
	<update id="updateBoard">
		update board set title=#{title}, content=#{content} where seq=#{seq}
	</update>
	
	<!-- 글 삭제 -->
	<delete id="deleteBoard">
		delete board where seq=#{seq}
	</delete>
	
	<!-- 글 상세 조회 -->
	<select id="getBoard" resultType="board">
		select * from board where seq=#{seq}
	</select>
	
	<!-- 글 목록 조회 -->
	<select id="getBoardList" resultType="board">
		select * from board where title like '%'||#{searchKeyword}||'%' order by seq desc
	</select>
	
</mapper>


