<?xml version="1.0" encoding="UTF-8"?>
<!DOCTYPE configuration PUBLIC "-//mybatis.org//DTD Config 3.0//EN"
"http://mybatis.org/dtd/mybatis-3-config.dtd">

<configuration>
	<!-- properties 파일 설정 -->
	<properties resource="db.properties" />
	
	<!-- Alias 설정 -->
	<typeAliases>
		<typeAlias alias="board" type="com.springbook.biz.board.BoardVO" />
	</typeAliases>	
	
	<!-- dataSource 설정 -->
	<environments default="development">
		<environment id="development">
			<transactionManager type="JDBC" />
			<dataSource type="POOLED">
				<property name="driver" value="${jdbc.driver}"/>
				<property name="url" value="${jdbc.url}"/>
				<property name="username" value="${jdbc.username}"/>
				<property name="password" value="${jdbc.password}"/>
			</dataSource>
		</environment>
	</environments>
	
	<!-- sql mapper 설정 -->
	<mappers>
		<mapper resource="mappings/board-mapping.xml" />
	</mappers>
	
</configuration>
